id,rev,revtype,title,content,created,modified
1,1,0,"First note","This is some text in the first note","2018-06-01 02:26:39","2018-06-01 02:26:39"
2,2,0,"Second note","Lorem ipsum dolor sit amet, consectetur adipiscing elit.","2018-06-01 02:27:29","2018-06-01 02:27:29"
2,4,1,"Third note","Maecenas lobortis ante vel dolor eleifend varius. Vestibulum vehicula vehicula libero, eget faucibus turpis blandit dignissim.",NULL,"2018-06-01 02:33:19"
3,3,0,"Third note","Donec id finibus eros. Phasellus sit amet consectetur tellus. Nulla vulputate suscipit diam ac viverra.","2018-06-01 02:27:50","2018-06-01 02:27:50"
4,5,0,"Fourth note","Nulla facilisi. Donec a dolor aliquet, finibus dolor ac, blandit turpis. Ut vitae condimentum leo.","2018-06-01 02:35:36","2018-06-01 02:35:36"
5,6,0,"Fifth note","Lorem ipsum dolor sit amet, consectetur adipiscing elit.","2018-06-01 03:00:48","2018-06-01 03:00:48"
5,7,1,"Fifth note lorem","Vivamus mollis, purus et congue dapibus, eros risus dictum tellus, feugiat pellentesque libero arcu ut lacus. Sed lorem mi, cursus vel tortor vel, faucibus tincidunt urna.",NULL,"2018-06-01 03:01:23"
5,8,1,"Fifth note lorem ipsum","Curabitur ex dolor, vehicula eget convallis et, fringilla aliquam justo. Nam at scelerisque justo. Morbi diam lacus, pellentesque quis tincidunt sed, dictum mattis dui.",NULL,"2018-06-01 03:01:40"
5,9,1,"Another update","Sed rutrum pulvinar lacus, in luctus justo interdum ut. Quisque fringilla facilisis orci, sit amet convallis diam fermentum eget. Aliquam ultricies, neque nec feugiat mollis, risus eros commodo leo, vel facilisis turpis lectus ac nulla.",NULL,"2018-06-01 03:02:00"
